version,sha,date
go1.16rc1,3e06467282c6d5678a6273747658c04314e013ef,2021-01-27T22:19:13Z
go1.16beta1,2ff33f5e443165e55a080f3a649e4c070c4096d1,2020-12-17T16:03:19Z
go1.15.7,2117ea9737bc9cb2e30cb087b76a283f68768819,2021-01-19T19:47:12Z
go1.15.6,9b955d2d3fcff6a5bc8bce7bafdc4c634a28e95b,2020-12-03T17:27:17Z
go1.15.5,c53315d6cf1b4bfea6ff356b4a1524778c683bb9,2020-11-12T16:39:58Z
go1.15.4,0e953add9656c32a788e06438cd7b533e968b7f8,2020-11-05T21:21:32Z
go1.15.3,1984ee00048b63eacd2155cd6d74a2d13e998272,2020-10-14T19:10:41Z
go1.15.2,9706f510a5e2754595d716bd64be8375997311fb,2020-09-09T16:38:12Z
go1.15.1,01af46f7cc419da19f8a6a444da8f6022c016803,2020-09-01T14:08:32Z
go1.15,0fdc3801bfd43d6f55e4ea5bf095e1ea55430339,2020-08-11T19:01:57Z
go1.15rc2,c4f8cb43caf0bcd0c730d7d04a3fce129393cecc,2020-08-07T14:56:02Z
go1.15rc1,3e8f6b0791a670e52d25d76813d669daa68acfb4,2020-07-24T16:28:26Z
go1.15beta1,e92be18fd8b525b642ca25bdb3e2056b35d9d73c,2020-06-10T14:56:01Z
go1.14.14,ccb4f250bd7e382e50824c36ec5a3e1a57dcf11a,2021-01-19T19:47:38Z
go1.14.13,6eed7d361d276b69a1cfdeeb7690237a6385b073,2020-12-03T17:27:26Z
go1.14.12,bc9c580409b61af6b29f0cbd9d45bec63dbe2ccb,2020-11-12T16:47:42Z
go1.14.11,e82710b825958f30b924fc6dba1fd0a63b517199,2020-11-05T21:21:19Z
go1.14.10,b5a3989dac97270b89cfce250cbb42695647d5cb,2020-10-14T19:10:36Z
go1.14.9,26a85c3634b8b5dc9cf8adb30664dac0ddc6acf0,2020-09-09T16:38:16Z
go1.14.8,c187a3d47c41d54bd570905caad128ba947e3d03,2020-09-01T14:08:43Z
go1.14.7,d571a77846dfee8efd076223a882915cd6cb52f4,2020-08-06T14:43:51Z
go1.14.6,edfd6f28486017dcb136cd3f3ec252706d4b326e,2020-07-16T22:23:28Z
go1.14.5,36fcde1676a0d3863cb5f295eed6938cd782fcbb,2020-07-14T14:10:30Z
go1.14.4,83b181c68bf332ac7948f145f33d128377a09c42,2020-06-01T19:34:54Z
go1.14.3,f296b7a6f045325a230f77e9bda1470b1270f817,2020-05-14T19:18:34Z
go1.14.2,96745b980cfde139e8611772e2bc0c59a8e6cdf7,2020-04-08T19:09:10Z
go1.14.1,564c76a268b75f56d6f465b82fba7f6fb929fd70,2020-03-19T15:17:01Z
go1.14,20a838ab94178c55bc4dc23ddc332fce8545a493,2020-02-25T17:40:40Z
go1.14rc1,a068054af141c01df5a4519844f4b77273605f4e,2020-02-05T15:43:27Z
go1.14beta1,a5bfd9da1d1b24f326399b6b75558ded14514f23,2019-12-17T14:59:30Z
go1.13.15,e71b61180aa19a60c23b3b7e3f6586726ebe4fd1,2020-08-06T14:43:47Z
go1.13.14,d3ba94164a1c404a01369fb54ddd4f5b94d91348,2020-07-16T22:23:43Z
go1.13.13,1f8859c22ccdeb969b252c8139bf4b1aae5c4909,2020-07-14T14:10:10Z
go1.13.12,6be4a5eb4898c7b5e7557dda061cc09ba310698b,2020-06-01T19:34:58Z
go1.13.11,237b6067c17ac3ef1e02632b77deefb5e9837cbb,2020-05-14T19:18:42Z
go1.13.10,a57f07aac237d366630e85d080ef1ce0c34f0d09,2020-04-08T19:09:06Z
go1.13.9,33554bc6af72f13e5eb319fd5f5aa5c9a150a60c,2020-03-19T15:17:09Z
go1.13.8,a7acf9af07bdc288129fa5756768b41f312d05f4,2020-02-12T19:55:45Z
go1.13.7,7d2473dc81c659fba3f3b83bc6e93ca5fe37a898,2020-01-27T22:26:53Z
go1.13.6,14b79df428fdab83ebc813a72ab714d1e2c488d2,2020-01-09T19:00:05Z
go1.13.5,9341fe073e6f7742c9d61982084874560dac2014,2019-12-04T21:55:02Z
go1.13.4,3f995c3f3b43033013013e6c7ccc93a9b1411ca9,2019-10-31T22:47:33Z
go1.13.3,e64356a4484deb5da57396a4cd80e26667b86b79,2019-10-17T21:56:53Z
go1.13.2,72766093e6bd092eb18df3759055625ba8436484,2019-10-17T17:32:17Z
go1.13.1,b17fd8e49d24eb298c53de5cd0a8923f1e0270ba,2019-09-25T18:48:17Z
go1.13,cc8838d645b2b7026c1f3aaceb011775c5ca3a08,2019-09-03T17:05:17Z
go1.13rc2,d7b402a49a8ef5af911d7873bdbc5f61335f1d41,2019-08-29T14:35:17Z
go1.13rc1,ed4f3f313438b8765da6c4605060529761db0797,2019-08-21T19:21:42Z
go1.13beta1,60f14fddfee107dedd76c0be6b422a3d8ccc841a,2019-06-26T16:35:14Z
go1.12.17,46cb016190389b7e37b21f04e5343a628ca1f662,2020-02-12T19:55:29Z
go1.12.16,deac3221fc4cd365fb40d269dd56551e9d354356,2020-01-27T22:27:19Z
go1.12.15,694e20f4e08af7e7669c9652424d0df9b0b83f00,2020-01-09T19:00:28Z
go1.12.14,8a720dabf102975ced5664b9cf668ac4ca080245,2019-12-04T21:35:28Z
go1.12.13,a8528068d581fcd110d0cb4f3c04ad77261abf6d,2019-10-31T22:53:22Z
go1.12.12,9e6d3ca2794c04b3f65019ee90b6e406bcfc9286,2019-10-17T21:51:57Z
go1.12.11,ef74bfc859c918aeab796c2fa18f4a5dde862343,2019-10-17T17:32:27Z
go1.12.10,6c15c7cce718e1e9a47f4f0ab1bd70923b04557b,2019-09-25T18:48:21Z
go1.12.9,06472b99cdf59f00049f3cd8c9e05ba283cb2c56,2019-08-15T18:44:01Z
go1.12.8,306a74284eb261acb34ce7f70962f357906a2759,2019-08-13T16:27:09Z
go1.12.7,7f416b4f048677d0784e6941516c0f1e6052b2d6,2019-07-08T19:50:25Z
go1.12.6,4ce6a8e89668b87dce67e2f55802903d6eb9110a,2019-06-11T15:21:11Z
go1.12.5,3a1b4e75f8b6c1b57db73bccf7ca871bf1a97ca9,2019-05-06T21:12:37Z
go1.12.4,eda3401e807be8928eed48bb5fc85ffa8e62ddb4,2019-04-11T23:31:30Z
go1.12.3,62ec3dd260324d243491b271d53ccdfd4a1f14e3,2019-04-08T21:30:25Z
go1.12.2,ac02fdec7cd16ea8d3de1fc33def9cfabec5170d,2019-04-05T19:24:53Z
go1.12.1,0380c9ad38843d523d9c9804fe300cb7edd7cd3c,2019-03-14T19:18:42Z
go1.12,05e77d41914d247a1e7caf37d7125ccaa5a53505,2019-02-25T23:01:48Z
go1.12rc1,1af509d46e31a14e7ff17e23b1fd84250976b405,2019-02-11T20:14:50Z
go1.12beta2,4b3f04c63b5b1a1bbc4dfd71c34341ea4e935115,2019-01-10T18:15:48Z
go1.12beta1,e3b4b7baad555f74b6fbc0ddc00d46ed0ac03a0a,2018-12-18T23:01:06Z
go1.11.13,b2967c0e5c5271bb4469e1f615fb85879ebd8a57,2019-08-13T16:26:07Z
go1.11.12,4128f163d6dca1b8d703da8cf86ef679608856a0,2019-07-08T19:49:55Z
go1.11.11,541c49144d73f2a03374517091835fa8a43eebe2,2019-06-11T18:11:11Z
go1.11.10,efa061d9f5d52846dfc3dda40eaf8eccfeeae8d2,2019-05-06T20:50:17Z
go1.11.9,428e5f29a957b591d82e640b619b684aa25fba4e,2019-04-11T23:31:23Z
go1.11.8,f8a63418e985d972c86d3da5bf90b7e81b72b468,2019-04-08T21:30:39Z
go1.11.7,2c5363d9c1cf51457d6d2466a63e6576e80327f8,2019-04-05T19:09:03Z
go1.11.6,e18f2ca380f52bbf8cac039ccfdf445e9047c810,2019-03-14T19:57:30Z
go1.11.5,35bb62e60a7779ff82c3067903b3306ff8666471,2019-01-23T19:49:15Z
go1.11.4,4601a4c1b1c00fbe507508f0267ec5a9445bb7e5,2018-12-14T23:34:32Z
go1.11.3,90c896448691b5edb0ab11110f37234f63cd28ed,2018-12-13T17:14:02Z
go1.11.2,e8a95aeb75536496432bcace1fb2bbfa449bf0fa,2018-11-02T20:17:52Z
go1.11.1,26957168c4c0cdcc7ca4f0b19d0eb19474d224ac,2018-10-01T20:59:20Z
go1.11,41e62b8c49d21659b48a95216e3062032285250f,2018-08-24T20:18:43Z
go1.11rc2,02c0c32960f65d0b9c66ec840c612f5f9623dc51,2018-08-22T22:17:06Z
go1.11rc1,807e7f2420c683384dc9c6db498808ba1b7aab17,2018-08-13T23:43:08Z
go1.11beta3,1b870077c896379c066b41657d3c9062097a6943,2018-08-03T17:21:10Z
go1.11beta2,c814ac44c0571f844718f07aa52afa47e37fb1ed,2018-07-19T21:30:27Z
go1.11beta1,a12c1f26e4cc602dae62ec065a237172a5b8f926,2018-06-26T20:00:51Z
go1.10.8,b0cb374daf646454998bac7b393f3236a2ab6aca,2019-01-23T19:47:24Z
go1.10.7,f5ff72d62301c4e9d0a78167fab5914ca12919bd,2018-12-14T23:34:23Z
go1.10.6,25ca8f49c3fc4a68daff7a23ab613e3453be5cda,2018-12-13T17:16:47Z
go1.10.5,1ae739797ec72acbd6d90b94a2366a31566205c2,2018-11-02T20:17:59Z
go1.10.4,2191fce26a7fd1cd5b4975e7bd44ab44b1d9dd78,2018-08-24T19:26:40Z
go1.10.3,fe8a0d12b14108cbe2408b417afcaab722b0727c,2018-06-06T23:47:44Z
go1.10.2,71bdbf431b79dff61944f22c25c7e085ccfc25d5,2018-04-30T19:03:55Z
go1.10.1,ac7c0ee26dda18076d5f6c151d8f920b43340ae3,2018-03-29T06:09:52Z
go1.10,bf86aec25972f3a100c3aa58a6abcbcc35bdea49,2018-02-16T16:05:53Z
go1.10rc2,20e228f2fdb44350c858de941dff4aea9f3127b8,2018-02-07T16:12:58Z
go1.10rc1,5348aed83e39bd1d450d92d7f627e994c2db6ebf,2018-01-25T17:24:13Z
go1.10beta2,594668a5a96267a46282ce3007a584ec07adf705,2018-01-11T17:44:08Z
go1.10beta1,9ce6b5c2ed5d3d5251b9a6a0c548d5fb2c8567e8,2017-12-07T17:38:51Z
go1.9.7,7df09b4a03f9e53334672674ba7983d5e7128646,2018-06-06T20:29:29Z
go1.9.6,20f58c6075aef1bb7327ab0691ae095f9412ab5b,2018-04-30T19:04:08Z
go1.9.5,f69b0c627f94b7dcaf4ec654df8e0ffa4bf46957,2018-03-29T06:06:28Z
go1.9.4,6732fcc06df713fc737cee5c5860bad87599bc6d,2018-02-07T15:34:31Z
go1.9.3,a563954b799c6921fc3666b4723d38413f442145,2018-01-22T21:38:28Z
go1.9.2,2ea7d3461bb41d0ae12b56ee52d43314bcdb97f9,2017-10-25T20:24:05Z
go1.9.1,7f40c1214dd67cf171a347a5230da70bd8e10d32,2017-10-04T18:39:31Z
go1.9,c8aec4095e089ff6ac50d18e97c3f46561f14f48,2017-08-24T20:52:14Z
go1.9rc2,048c9cfaacb6fe7ac342b0acd8ca8322b6c49508,2017-08-07T20:29:01Z
go1.9rc1,65c6c88a9442b91d8b2fd0230337b1fda4bb6cdf,2017-07-24T19:35:04Z
go1.9beta2,eab99a8d548f8ba864647ab171a44f0a5376a6b3,2017-06-26T21:12:22Z
go1.9beta1,952ecbe0a27aadd184ca3e2c342beb464d6b1653,2017-06-14T21:44:01Z
go1.8.7,357c9141369361101345f3048a6b2b3e149299d5,2018-02-07T15:33:09Z
go1.8.6,96c72e94687d1d78770a204f35993cb2cd3c91e4,2018-01-23T03:33:54Z
go1.8.5,d4ccbd8833aa45819e903abfc4337555f1832d3c,2017-10-25T18:57:21Z
go1.8.5rc5,0ab2c8872d648bc155e41bf5a7ed0cfee133ff70,2017-10-25T16:24:05Z
go1.8.5rc4,fab5e254b2a03d3153f850774d87a79840740fe9,2017-10-20T16:43:01Z
go1.8.4,f5bcb9b8fe9dd8949d4682b74be6ba72e5d554fb,2017-10-04T18:39:32Z
go1.8.3,352996a381701cfa0c16e8de29cbde8f3922182f,2017-05-24T18:14:11Z
go1.8.2,59870f9e19384c3155f603f799b61b401fa20cc9,2017-05-23T18:32:59Z
go1.8.1,a4c18f063b6659079ca2848ca217a0587dabc001,2017-04-07T16:48:41Z
go1.8,cd6b6202dd1559b3ac63179b45f1833fcfbe7eca,2017-02-16T17:12:24Z
go1.8rc3,2a5f65a98ca483aad2dd74dc2636a7baecc59cf2,2017-01-26T17:42:08Z
go1.8rc2,59f181b6fda68ece22882945853ca2df9dbf1c88,2017-01-19T20:58:37Z
go1.8rc1,3de6e96e4b8147f5267a2e8218a7c780b09a434f,2017-01-10T19:35:03Z
go1.8beta2,9cd3c0662aa63eea8e7fae80f558fda9d646ba98,2016-12-15T20:06:07Z
go1.8beta1,41908a54530120b68a79e0fd22b5e709d33cced0,2016-12-01T02:54:21Z
go1.7.6,2b7a7b710f096b1b7e6f2ab5e9e3ec003ad7cd12,2017-05-23T18:33:01Z
go1.7.5,753452fac6f6963b5a6e38a239b05362385a3842,2017-01-26T17:38:29Z
go1.7.4,6b36535cf382bce845dd2d272276e7ba350b0c6b,2016-12-01T22:13:49Z
go1.7.3,2f6557233c5a5c311547144c34b4045640ff9f71,2016-10-19T17:04:39Z
go1.7.2,edecc650ec95ac1a96d2312980e18d959f89835e,2016-10-17T21:08:12Z
go1.7.1,f75aafdf56dd90eab75cfeac8cf69358f73ba171,2016-09-07T19:11:54Z
go1.7,0d818588685976407c81c60d2fda289361cbc8ec,2016-08-15T22:43:38Z
go1.7rc6,1e933ed7c091bd8e077ffd123234af10a69e3978,2016-08-08T18:42:30Z
go1.7rc5,09fc3cc5df6b37b62a219bd4cacd8898a2328b76,2016-08-02T23:34:48Z
go1.7rc4,c628d83ec5309cd679e16c734456fed1b9a85806,2016-08-02T02:22:22Z
go1.7rc3,8707f31c0abc6b607014e843b7cc188b3019daa9,2016-07-21T21:19:33Z
go1.7rc2,0ebf6ce087388cdd501a02ff92f2f8cafc3e1378,2016-07-18T15:36:41Z
go1.7rc1,53da5fd4d431881bb3583c9790db7735a6530a1b,2016-07-08T03:48:20Z
go1.7beta2,fca9fc52c831ab6af56e30f8c48062a99ded2580,2016-06-16T19:45:33Z
go1.7beta1,3c6b6684ce21c1092ba208a0f1744ad7c930248a,2016-06-02T00:22:03Z
go1.6.4,aa1e69f3fc21795b6fab531a07008e0744ffe5bf,2016-12-01T20:56:30Z
go1.6.3,da6b9ec7bf1722fa00196e1eadc10a29156b6b28,2016-07-18T15:36:26Z
go1.6.2,57e459e02b4b01567f92542f92cd9afde209e193,2016-04-19T23:27:35Z
go1.6.1,f5cf5673590a68c55b2330df9dfcdd6fac75b893,2016-04-11T23:39:37Z
go1.6,7bc40ffb05d8813bf9b41a331b45d37216f9e747,2016-02-17T19:53:47Z
go1.6rc2,5d343bdfb140970cc37f099064226d104ca6d817,2016-02-03T23:11:17Z
go1.6rc1,036b8fd40b60830ca1d152f17148e52b96d8aa6c,2016-01-28T00:06:14Z
go1.6beta2,66330d8c6c0a23b7eb48688f9954264e48b039da,2016-01-13T23:40:13Z
go1.6beta1,8db371b3d58a1c139f0854738f9962de05ca5d7a,2015-12-17T22:45:50Z
go1.5.4,a1ef950a15517bca223d079a6cf65948c3db9694,2016-04-11T23:39:07Z
go1.5.3,27d5c0ede5b4411089f4bf52a41dd2f4eed36123,2016-01-13T19:43:20Z
go1.5.2,40cbf58f960a8f5287d2c3a93b3ca6119df67e85,2015-12-03T00:44:15Z
go1.5.1,f2e4c8b5fb3660d793b2c545ef207153db0a34b1,2015-09-09T00:52:53Z
go1.5,bb03defe933c89fee44be675d7aa0fbd893ced30,2015-08-19T05:04:37Z
go1.5rc1,0d20a61e68ba22fb416fe2aa8b6532026822bad0,2015-08-06T04:06:12Z
go1.5beta3,d3ffc975f38890abbd8ca3f7833772e6423297e8,2015-07-29T23:50:20Z
go1.5beta2,cc8f5441980a8c2f9e6c8ec3222985ed488e76ba,2015-07-17T03:34:11Z
go1.5beta1,b6ead9f171742cd5b519a22ecc690354b0d1ce27,2015-07-07T21:53:11Z
go1.4.3,50eb39bb23e8b03e823c38e844f0410d0b5325d2,2015-09-23T04:20:05Z
go1.4.2,883bc6ed0ea815293fe6309d66f967ea60630e87,2015-02-18T04:24:51Z
go1.4.1,886b02d705ffb1be8b4974ac4c355d480a24e3ec,2015-01-15T21:04:23Z
go1.4,c303df658d43b9f3e98e56e646f8e84a83495991,2014-12-11T00:27:56Z
go1.4rc2,3d344611770d03a9d2f822216074edd83af67677,2014-12-02T02:43:43Z
go1.4rc1,30ef146819d031ccd875de806c4edad66366d4bc,2014-11-17T02:55:59Z
go1.4beta1,ca230d2d6ffeaef0be2f58fd46ba6ed34a8dbf46,2014-10-30T01:02:58Z
go1.3.3,3dbc53ae6ad4e3b93f31d35d98b38f6dda25f4ee,2014-10-01T01:20:15Z
go1.3.2,f3c81ed821268e2f2e2945b0816f495809bbdf21,2014-09-25T22:32:20Z
go1.3.1,1657de2d6dbb020e15908668f209f3be7dcef151,2014-08-13T03:18:02Z
go1.3,1cdd48c8a276cef9e3e20b7350d13556b6c96a71,2014-06-19T00:20:01Z
go1.3rc2,2a3daa8bdd5bd06808c51cb4f2921655f70d7617,2014-06-13T03:24:50Z
go1.3rc1,a5565ec7d9c04843bc91c06a0d5a652716ee75a7,2014-06-02T04:34:50Z
go1.3beta2,c00043b5d8bd53130bddb5ef1e88643dccc4586f,2014-05-21T00:46:08Z
go1.3beta1,7ff8e90eb7ceb2016aa9fc736febd8a5902ec65e,2014-04-22T00:00:27Z
go1.2.2,43d00b0942c1c6f43993ac71e1eea48e62e22b8d,2014-05-05T17:43:37Z
go1.2.1,9c9802fad57c1bcb72ea98c5c55ea2652efc5772,2014-03-03T00:53:08Z
go1.2,402d3590b54e4a0df9fb51ed14b2999e85ce0b76,2013-11-28T21:32:31Z
go1.2rc5,4abdb873be5c4bbd1e0edec56f992b201d8e0e68,2013-11-18T01:44:03Z
go1.2rc4,a5940dddba6e7995c6f7e4b4d11df17609c247be,2013-11-13T04:29:48Z
go1.2rc3,2eb51b1ba8cbf593124ab95e2ea9efb5d3ddf21e,2013-11-01T01:44:30Z
go1.2rc2,309e16554aab1686c5bb744cababfbaa2d83db4d,2013-10-18T04:53:33Z
go1.1.2,1d6d8fca241bb611af51e265c1b5a2e9ae904702,2013-08-13T05:33:06Z
go1.1.1,d260448f6b6ac10efe4ae7f6dfe944e72bc2a676,2013-06-13T02:49:43Z
go1.1,205f850ceacfc39d1e9d76a9569416284594ce8c,2013-05-13T20:03:09Z
go1.1rc3,46a6097aa7943a490e9bd2e04274845d0e5e200f,2013-05-08T23:04:56Z
go1.1rc2,1c5438aae896edcd1e9f9618f4776517f08053b3,2013-05-07T00:33:44Z
go1.0.3,30be9b4313622c2077539e68826194cb1028c691,2012-09-21T22:10:44Z
go1.0.2,cb6c6570b73a1c4d19cad94570ed277f7dae55ac,2012-06-14T02:50:42Z
go1.0.1,2fffba7fe19690e038314d17a117d6b87979c89f,2012-04-26T19:50:14Z
go1,6174b5e21e73714c63061e66efdbe180e1c5491d,2012-03-28T12:41:59Z
